{
    "camera_matrix": [
        [
            886.4943154553247,
            0.0,
            808.9032077014396
        ],
        [
            0.0,
            885.9027556734666,
            615.2019273974277
        ],
        [
            0.0,
            0.0,
            1.0
        ]
    ],
    "distortion_coefficients": [
        [
            -0.13059463286245046,
            0.10854090752421289,
            0.0005529195883076637,
            0.0008924170368203021,
            6.429818768084412e-05,
            0.17092554874473762,
            0.05067638670877069,
            0.02542380709207626
        ]
    ],
    "serial_number": "953122"
}